<?xml version="1.0"?>
<doc>
    <assembly>
        <name>SwaggerAds</name>
    </assembly>
    <members>
        <member name="M:SwaggerAds.Controllers.AdsController.GetAll">
            <summary>
            Retrieve ALL Superheroes from the database
            </summary>
            <returns>
            A full list of ALL Superheroes
            </returns>
            <remarks>
            Example end point: GET /api/ads
            </remarks>
            <response code="200">
            Successfully returned a full list of ALL Superheroes
            </response>
        </member>
        <member name="M:SwaggerAds.Controllers.AdsController.GetAd(System.Int32)">
            <summary>
            Retrieve one advert
            </summary>
            <returns>
            One advert
            </returns>
            <remarks>
            Eaxmple end point: Get /api/Ads?id=4
            </remarks>
        </member>
        <member name="M:SwaggerAds.Controllers.AdsController.CreateAd(SwaggerAds.Models.Ads)">
            <summary>
            Create one advert
            </summary>
            <returns>
            Nada
            </returns>
            <remarks>
            Eaxmple end point: Post /api/Ads
            </remarks>
            
        </member>
        <member name="M:SwaggerAds.Controllers.AdsController.DeleteAd(System.Int32)">
            <summary>
            Delete one advert
            </summary>
            <returns>
            Nada
            </returns>
            <remarks>
            Eaxmple end point: Get /api/Ads?id=4
            </remarks>
            
        </member>
        <member name="T:SwaggerAds.Data.ApplicationDbContext">
            <summary>
            Represents the application database context.
            </summary>
        </member>
        <member name="P:SwaggerAds.Data.ApplicationDbContext.AdContext">
            <summary>
            Gets or sets the collection of ads in the context.
            </summary>
        </member>
        <member name="T:SwaggerAds.Data.DataInitializer">
            <summary>
            Class responsible for initializing data in the application.
            </summary>
        </member>
        <member name="M:SwaggerAds.Data.DataInitializer.SeedData">
            <summary>
            Migrates the database and seeds initial data.
            </summary>
        </member>
        <member name="T:SwaggerAds.Migrations.initialmigration">
            <inheritdoc />
        </member>
        <member name="M:SwaggerAds.Migrations.initialmigration.Up(Microsoft.EntityFrameworkCore.Migrations.MigrationBuilder)">
            <inheritdoc />
        </member>
        <member name="M:SwaggerAds.Migrations.initialmigration.Down(Microsoft.EntityFrameworkCore.Migrations.MigrationBuilder)">
            <inheritdoc />
        </member>
        <member name="M:SwaggerAds.Migrations.initialmigration.BuildTargetModel(Microsoft.EntityFrameworkCore.ModelBuilder)">
            <inheritdoc />
        </member>
        <member name="T:SwaggerAds.Migrations.anka">
            <inheritdoc />
        </member>
        <member name="M:SwaggerAds.Migrations.anka.Up(Microsoft.EntityFrameworkCore.Migrations.MigrationBuilder)">
            <inheritdoc />
        </member>
        <member name="M:SwaggerAds.Migrations.anka.Down(Microsoft.EntityFrameworkCore.Migrations.MigrationBuilder)">
            <inheritdoc />
        </member>
        <member name="M:api.Migrations.anka.BuildTargetModel(Microsoft.EntityFrameworkCore.ModelBuilder)">
            <inheritdoc />
        </member>
    </members>
</doc>
